home_team,away_team,home_team_code,away_team_code,home_score,away_score,home_penalty,away_penalty,home_score_total,away_score_total,winner,winner_reason,year,date,date_time,utc_offset_hours,group_name,matchday_name,condition_humidity,condition_pitch,condition_temperature,condition_weather,condition_wind_speed,status,type,round,round_mode,match_attendance,stadium_id,stadium_country_code,stadium_capacity,stadium_latitude,stadium_longitude,stadium_pitch_length,stadium_pitch_width,red_cards,stadium_city,stadium_name,stadium_name_media,stadium_name_official,stadium_name_event,stadium_name_sponsor,winner_goals,other_team_goals
USSR,Yugoslavia,URS,YUG,1.0,1.0,,,2.0,1.0,USSR,WIN_ON_EXTRA_TIME,1960,1960-07-10,1960-07-10T20:30:00Z,1.0,,1,,,,,,FINISHED,SINGLE,FINAL,FINAL,17966.0,57779,FRA,47926.0,48.8414333,2.2530333,105.0,68.0,,Paris,Parc des Princes,Parc des Princes,Parc des Princes,Parc des Princes,Parc des Princes,1.0,1.0
Czechoslovakia,USSR,TCH,URS,0.0,3.0,,,0.0,3.0,USSR,WIN_REGULAR,1960,1960-07-06,1960-07-06T20:30:00Z,1.0,,1,,,,,,FINISHED,SINGLE,SEMIFINAL,KNOCK_OUT,25184.0,62337,FRA,66534.0,43.26983,5.396,105.0,68.0,,Marseille,Stade de Marseille,Stade de Marseille,Stade de Marseille,Stade de Marseille,Orange Vélodrome,3.0,0.0
Spain,USSR,ESP,URS,2.0,1.0,,,2.0,1.0,Spain,WIN_REGULAR,1964,1964-06-21,1964-06-21T17:30:00Z,1.0,,1,,,,,,FINISHED,SINGLE,FINAL,FINAL,79115.0,62401,ESP,76806.0,40.4530778,-3.6885194,105.0,68.0,,Madrid,Estadio Santiago Bernabéu,Estadio Santiago Bernabéu,Estadio Santiago Bernabéu,Estadio Santiago Bernabéu,,2.0,1.0
Spain,Hungary,ESP,HUN,1.0,1.0,,,2.0,1.0,Spain,WIN_ON_EXTRA_TIME,1964,1964-06-17,1964-06-17T19:00:00Z,1.0,,1,,,,,,FINISHED,SINGLE,SEMIFINAL,KNOCK_OUT,34713.0,62401,ESP,76806.0,40.4530778,-3.6885194,105.0,68.0,,Madrid,Estadio Santiago Bernabéu,Estadio Santiago Bernabéu,Estadio Santiago Bernabéu,Estadio Santiago Bernabéu,,1.0,1.0
Italy,Yugoslavia,ITA,YUG,2.0,0.0,,,2.0,0.0,Italy,WIN_REGULAR,1968,1968-06-10,1968-06-10T20:15:00Z,1.0,,1,,,,,,FINISHED,REPLAY,FINAL,FINAL,32886.0,57775,ITA,69689.0,41.9339222,12.4546833,105.0,68.0,,Rome,Stadio Olimpico,Stadio Olimpico,Stadio Olimpico,Olimpico in Rome,Stadio Olimpico,2.0,0.0
Italy,Yugoslavia,ITA,YUG,1.0,1.0,,,1.0,1.0,Italy,DRAW,1968,1968-06-08,1968-06-08T21:15:00Z,1.0,,1,,,,,,FINISHED,SINGLE,FINAL,FINAL,68817.0,57775,ITA,69689.0,41.9339222,12.4546833,105.0,68.0,,Rome,Stadio Olimpico,Stadio Olimpico,Stadio Olimpico,Olimpico in Rome,Stadio Olimpico,1.0,1.0
Italy,USSR,ITA,URS,0.0,0.0,,,0.0,0.0,Italy,DRAW,1968,1968-06-05,1968-06-05T17:00:00Z,1.0,,1,,,,,,FINISHED,SINGLE,SEMIFINAL,KNOCK_OUT,68582.0,62425,ITA,54726.0,40.8280889,14.1928694,105.0,68.0,,Naples,Stadio Diego Armando Maradona,Stadio Diego Armando Maradona,Stadio Diego Armando Maradona,Stadio Diego Armando Maradona,Stadio Diego Armando Maradona,0.0,0.0
West Germany,USSR,FRG,URS,3.0,0.0,,,3.0,0.0,West Germany,WIN_REGULAR,1972,1972-06-18,1972-06-18T15:00:00Z,1.0,,1,,,,,,FINISHED,SINGLE,FINAL,FINAL,43066.0,62073,BEL,48693.0,50.8957583,4.3339472,105.0,68.0,,Brussels,King Baudouin Stadium,King Baudouin Stadium,King Baudouin Stadium,King Baudouin Stadium,King Baudouin Stadium,3.0,0.0
Belgium,West Germany,BEL,FRG,1.0,2.0,,,1.0,2.0,West Germany,WIN_REGULAR,1972,1972-06-14,1972-06-14T19:00:00Z,1.0,,1,,,,,,FINISHED,SINGLE,SEMIFINAL,KNOCK_OUT,55601.0,62074,BEL,14385.0,51.2324861,4.4718861,105.0,68.0,,Deurne,Bosuil,Bosuil,Bosuil,Bosuil,No commercial name,2.0,1.0
Czechoslovakia,West Germany,TCH,FRG,2.0,2.0,5.0,3.0,2.0,2.0,Czechoslovakia,WIN_ON_PENALTIES,1976,1976-06-20,1976-06-20T19:15:00Z,1.0,,1,,,,,,FINISHED,SINGLE,FINAL,FINAL,30790.0,53479,SRB,49450.0,44.7832028,20.4649167,105.0,68.0,,Belgrade,Stadion Rajko Mitić,Stadion Rajko Mitic,Stadion Rajko Mitić,Stadion Rajko Mitić,Stadion Rajko Mitić,2.0,2.0
Czechoslovakia,Netherlands,TCH,NED,1.0,1.0,,,3.0,1.0,Czechoslovakia,WIN_ON_EXTRA_TIME,1976,1976-06-16,1976-06-16T19:15:00Z,1.0,,1,,,,,,FINISHED,SINGLE,SEMIFINAL,KNOCK_OUT,17879.0,62092,CRO,25074.0,45.8188722,16.0180528,105.0,68.0,"[{'phase': 'SECOND_HALF', 'time': {'minute': 60, 'second': 0}, 'international_name': 'Jaroslav Pollák', 'club_shirt_name': 'Pollák', 'country_code': 'TCH', 'national_field_position': 'MIDFIELDER', 'national_jersey_number': None}, {'phase': 'SECOND_HALF', 'time': {'minute': 76, 'second': 0}, 'international_name': 'Johan Neeskens', 'club_shirt_name': 'Neeskens', 'country_code': 'NED', 'national_field_position': 'MIDFIELDER', 'national_jersey_number': None}, {'phase': 'EXTRA_TIME_SECOND_HALF', 'time': {'minute': 115, 'second': 0}, 'international_name': 'Wim van Hanegem', 'club_shirt_name': 'Van Hanegem', 'country_code': 'NED', 'national_field_position': 'MIDFIELDER', 'national_jersey_number': None}]",Zagreb,Stadion Maksimir,Stadion Maksimir,Stadion Maksimir,Stadion Maksimir,Stadion Maksimir,1.0,1.0
France,Spain,FRA,ESP,2.0,0.0,,,2.0,0.0,France,WIN_REGULAR,1984,1984-06-27,1984-06-27T18:00:00Z,2.0,,1,,,,,,FINISHED,SINGLE,FINAL,FINAL,47368.0,57779,FRA,47926.0,48.8414333,2.2530333,105.0,68.0,"[{'phase': 'SECOND_HALF', 'time': {'minute': 85, 'second': 0}, 'international_name': 'Yvon Le Roux', 'club_shirt_name': 'Le Roux', 'country_code': 'FRA', 'national_field_position': 'DEFENDER', 'national_jersey_number': None}]",Paris,Parc des Princes,Parc des Princes,Parc des Princes,Parc des Princes,Parc des Princes,2.0,0.0
France,Portugal,FRA,POR,1.0,1.0,,,3.0,2.0,France,WIN_ON_EXTRA_TIME,1984,1984-06-23,1984-06-23T18:00:00Z,2.0,,1,,,,,,FINISHED,SINGLE,SEMIFINAL,KNOCK_OUT,54848.0,62337,FRA,66534.0,43.26983,5.396,105.0,68.0,,Marseille,Stade de Marseille,Stade de Marseille,Stade de Marseille,Stade de Marseille,Orange Vélodrome,1.0,1.0
France,Yugoslavia,FRA,YUG,3.0,2.0,,,3.0,2.0,France,WIN_REGULAR,1984,1984-06-19,1984-06-19T18:30:00Z,2.0,Group 1,1,,,,,,FINISHED,GROUP_STAGE,GROUP_STANDINGS,GROUP,47510.0,63194,FRA,42000.0,45.4608556,4.390125,105.0,68.0,,Saint-Etienne,Stade Geoffroy Guichard,Stade Geoffroy Guichard,Stade Geoffroy Guichard,Stade Geoffroy Guichard,Stade Geoffroy Guichard,3.0,2.0
France,Belgium,FRA,BEL,5.0,0.0,,,5.0,0.0,France,WIN_REGULAR,1984,1984-06-16,1984-06-16T15:15:00Z,2.0,Group 1,1,,,,,,FINISHED,GROUP_STAGE,GROUP_STANDINGS,GROUP,51359.0,63199,FRA,35291.0,47.2560056,-1.5247083,105.0,68.0,,Nantes,Stade de la Beaujoire,La Beaujoire,Stade de la Beaujoire,Stade de la Beaujoire,Stade de la Beaujoire,5.0,0.0
France,Denmark,FRA,DEN,1.0,0.0,,,1.0,0.0,France,WIN_REGULAR,1984,1984-06-12,1984-06-12T18:30:00Z,2.0,Group 1,1,,,,,,FINISHED,GROUP_STAGE,GROUP_STANDINGS,GROUP,47570.0,57779,FRA,47926.0,48.8414333,2.2530333,105.0,68.0,"[{'phase': 'SECOND_HALF', 'time': {'minute': 87, 'second': 0}, 'international_name': 'Manuel Amoros', 'club_shirt_name': 'Amoros', 'country_code': 'FRA', 'national_field_position': 'DEFENDER', 'national_jersey_number': None}]",Paris,Parc des Princes,Parc des Princes,Parc des Princes,Parc des Princes,Parc des Princes,1.0,0.0
USSR,Netherlands,URS,NED,0.0,2.0,,,0.0,2.0,Netherlands,WIN_REGULAR,1988,1988-06-25,1988-06-25T13:30:00Z,2.0,,1,,,,,,FINISHED,SINGLE,FINAL,FINAL,62770.0,52848,GER,60252.0,48.173125,11.5466,105.0,68.0,,Munich,Olympiastadion,Olympiastadion,Olympiastadion,Olympiastadion,Olympiastadion,2.0,0.0
West Germany,Netherlands,FRG,NED,1.0,2.0,,,1.0,2.0,Netherlands,WIN_REGULAR,1988,1988-06-21,1988-06-21T18:15:00Z,2.0,,1,,,,,,FINISHED,SINGLE,SEMIFINAL,KNOCK_OUT,56115.0,85689,GER,0.0,53.5871778,9.8985944,0.0,0.0,,Hamburg,Volksparkstadion,Volksparkstadion,Volksparkstadion,Volksparkstadion,Volksparkstadion,2.0,1.0
Republic of Ireland,Netherlands,IRL,NED,0.0,1.0,,,0.0,1.0,Netherlands,WIN_REGULAR,1988,1988-06-18,1988-06-18T13:30:00Z,2.0,Group 2,1,,,,,,FINISHED,GROUP_STAGE,GROUP_STANDINGS,GROUP,64731.0,53099,GER,49785.0,51.5591972,7.0666278,105.0,68.0,,Gelsenkirchen,Parkstadion,Parkstadion,Parkstadion,Parkstadion,Parkstadion,1.0,0.0
England,Netherlands,ENG,NED,1.0,3.0,,,1.0,3.0,Netherlands,WIN_REGULAR,1988,1988-06-15,1988-06-15T15:15:00Z,2.0,Group 2,1,,,,,,FINISHED,GROUP_STAGE,GROUP_STANDINGS,GROUP,63940.0,52867,GER,43500.0,51.0947389,6.8794639,108.0,68.0,,Dusseldorf,Rheinstadion,Rheinstadion,Rheinstadion,Rheinstadion,"""stadium destroyed""",3.0,1.0
Netherlands,USSR,NED,URS,0.0,1.0,,,0.0,1.0,Netherlands,WIN_REGULAR,1988,1988-06-12,1988-06-12T18:15:00Z,2.0,Group 2,1,,,,,,FINISHED,GROUP_STAGE,GROUP_STANDINGS,GROUP,54336.0,52864,GER,45134.0,50.9335056,6.8749944,105.0,68.0,,Cologne,Stadion Köln,RheinEnergieStadion,Stadion Köln,Cologne Stadium,RheinEnergieStadion,0.0,1.0
Denmark,Germany,DEN,GER,2.0,0.0,,,2.0,0.0,Denmark,WIN_REGULAR,1992,1992-06-26,1992-06-26T18:15:00Z,2.0,,1,,,,,,FINISHED,SINGLE,FINAL,FINAL,37800.0,62420,SWE,39705.0,57.7059583,11.9872333,105.0,68.0,,Gothenburg,Ullevi,Ullevi,Ullevi,Ullevi,Ullevi,2.0,0.0
Netherlands,Denmark,NED,DEN,2.0,2.0,4.0,5.0,2.0,2.0,Denmark,WIN_ON_PENALTIES,1992,1992-06-22,1992-06-22T18:15:00Z,2.0,,1,,,,,,FINISHED,SINGLE,SEMIFINAL,KNOCK_OUT,37450.0,62420,SWE,39705.0,57.7059583,11.9872333,105.0,68.0,,Gothenburg,Ullevi,Ullevi,Ullevi,Ullevi,Ullevi,2.0,2.0
France,Denmark,FRA,DEN,1.0,2.0,,,1.0,2.0,Denmark,WIN_REGULAR,1992,1992-06-17,1992-06-17T18:15:00Z,2.0,Group 1,1,,,,,,FINISHED,GROUP_STAGE,GROUP_STANDINGS,GROUP,25763.0,53480,SWE,1541.0,55.5948906,12.9956894,105.0,65.0,,Malmö,Malmö Idrottsplats,Malmö Idrottsplats,Malmö Idrottsplats,Malmö Idrottsplats,Malmö Idrottsplats,2.0,1.0
Sweden,Denmark,SWE,DEN,1.0,0.0,,,1.0,0.0,Denmark,WIN_REGULAR,1992,1992-06-14,1992-06-14T18:15:00Z,2.0,Group 1,1,,,,,,FINISHED,GROUP_STAGE,GROUP_STANDINGS,GROUP,29902.0,57672,SWE,35572.0,59.3627111,17.9962972,105.0,68.0,,Solna,Råsunda,Råsundastadion,Råsunda,Råsunda,Råsunda,0.0,1.0
Denmark,England,DEN,ENG,0.0,0.0,,,0.0,0.0,Denmark,DRAW,1992,1992-06-11,1992-06-11T18:15:00Z,2.0,Group 1,1,,,,,,FINISHED,GROUP_STAGE,GROUP_STANDINGS,GROUP,26385.0,53480,SWE,1541.0,55.5948906,12.9956894,105.0,65.0,,Malmö,Malmö Idrottsplats,Malmö Idrottsplats,Malmö Idrottsplats,Malmö Idrottsplats,Malmö Idrottsplats,0.0,0.0
Czechia,Germany,CZE,GER,1.0,1.0,,,1.0,2.0,Germany,WIN_ON_GOLDEN_GOAL,1996,1996-06-30,1996-06-30T18:00:00Z,1.0,,1,,,,,,FINISHED,SINGLE,FINAL,FINAL,73611.0,53105,ENG,78311.0,51.5559,-0.2797722,105.0,69.0,,London,Wembley (old),Wembley,Wembley (old),Wembley (old),Wembley (old),1.0,1.0
Germany,England,GER,ENG,1.0,1.0,6.0,5.0,1.0,1.0,Germany,WIN_ON_PENALTIES,1996,1996-06-26,1996-06-26T18:30:00Z,1.0,,1,,,,,,FINISHED,SINGLE,SEMIFINAL,KNOCK_OUT,75862.0,53105,ENG,78311.0,51.5559,-0.2797722,105.0,69.0,,London,Wembley (old),Wembley,Wembley (old),Wembley (old),Wembley (old),1.0,1.0
Germany,Croatia,GER,CRO,2.0,1.0,,,2.0,1.0,Germany,WIN_REGULAR,1996,1996-06-23,1996-06-23T14:00:00Z,1.0,,1,,,,,,FINISHED,SINGLE,QUARTER_FINALS,KNOCK_OUT,43412.0,53106,ENG,73924.0,53.4630583,-2.2913417,105.0,68.0,"[{'phase': 'SECOND_HALF', 'time': {'minute': 56, 'second': 0}, 'international_name': 'Igor Štimac', 'club_shirt_name': 'Štimac', 'country_code': 'CRO', 'national_field_position': 'DEFENDER', 'national_jersey_number': None}]",Manchester,Old Trafford,Old Trafford,Old Trafford,Old Trafford,Old Trafford,2.0,1.0
Italy,Germany,ITA,GER,0.0,0.0,,,0.0,0.0,Germany,DRAW,1996,1996-06-19,1996-06-19T18:30:00Z,1.0,Group C,1,,,,,,FINISHED,GROUP_STAGE,GROUP_STANDINGS,GROUP,53740.0,53106,ENG,73924.0,53.4630583,-2.2913417,105.0,68.0,"[{'phase': 'SECOND_HALF', 'time': {'minute': 59, 'second': 0}, 'international_name': 'Thomas Strunz', 'club_shirt_name': 'Strunz', 'country_code': 'GER', 'national_field_position': 'MIDFIELDER', 'national_jersey_number': None}]",Manchester,Old Trafford,Old Trafford,Old Trafford,Old Trafford,Old Trafford,0.0,0.0
Russia,Germany,RUS,GER,0.0,3.0,,,0.0,3.0,Germany,WIN_REGULAR,1996,1996-06-16,1996-06-16T14:00:00Z,1.0,Group C,1,,,,,,FINISHED,GROUP_STAGE,GROUP_STANDINGS,GROUP,50760.0,53106,ENG,73924.0,53.4630583,-2.2913417,105.0,68.0,"[{'phase': 'SECOND_HALF', 'time': {'minute': 70, 'second': 0}, 'international_name': 'Yuri Kovtun', 'club_shirt_name': 'Kovtun', 'country_code': 'RUS', 'national_field_position': 'DEFENDER', 'national_jersey_number': None}]",Manchester,Old Trafford,Old Trafford,Old Trafford,Old Trafford,Old Trafford,3.0,0.0
Germany,Czechia,GER,CZE,2.0,0.0,,,2.0,0.0,Germany,WIN_REGULAR,1996,1996-06-09,1996-06-09T16:00:00Z,1.0,Group C,1,,,,,,FINISHED,GROUP_STAGE,GROUP_STANDINGS,GROUP,37300.0,53106,ENG,73924.0,53.4630583,-2.2913417,105.0,68.0,,Manchester,Old Trafford,Old Trafford,Old Trafford,Old Trafford,Old Trafford,2.0,0.0
France,Italy,FRA,ITA,1.0,1.0,,,2.0,1.0,France,WIN_ON_GOLDEN_GOAL,2000,2000-07-02,2000-07-02T18:00:00Z,2.0,,1,,,,,,FINISHED,SINGLE,FINAL,FINAL,50000.0,52851,NED,48100.0,51.8939056,4.5232,105.0,68.0,,Rotterdam,Stadion Feijenoord 'De Kuip',Stadion Feijenoord,Stadion Feijenoord 'De Kuip',Stadion Feijenoord,Stadion Feijenoord 'De Kuip',1.0,1.0
France,Portugal,FRA,POR,1.0,1.0,,,2.0,1.0,France,WIN_ON_EXTRA_TIME,2000,2000-06-28,2000-06-28T18:45:00Z,2.0,,1,,,,,,FINISHED,SINGLE,SEMIFINAL,KNOCK_OUT,48000.0,62073,BEL,48693.0,50.8957583,4.3339472,105.0,68.0,,Brussels,King Baudouin Stadium,King Baudouin Stadium,King Baudouin Stadium,King Baudouin Stadium,King Baudouin Stadium,1.0,1.0
Spain,France,ESP,FRA,1.0,2.0,,,1.0,2.0,France,WIN_REGULAR,2000,2000-06-25,2000-06-25T18:45:00Z,2.0,,1,,,,,,FINISHED,SINGLE,QUARTER_FINALS,KNOCK_OUT,26614.0,63387,BEL,28300.0,51.1933556,3.1806222,105.0,68.0,,Bruges,Jan Breydelstadion,Jan Breydelstadion,Jan Breydelstadion,Jan Breydelstadion,No commercial name,2.0,1.0
France,Netherlands,FRA,NED,2.0,3.0,,,2.0,3.0,France,WIN_REGULAR,2000,2000-06-21,2000-06-21T18:45:00Z,2.0,Group D,1,,,,,,FINISHED,GROUP_STAGE,GROUP_STANDINGS,GROUP,50000.0,62417,NED,53338.0,52.314172,4.94185,105.0,68.0,,Amsterdam,Johan Cruijff ArenA,Johan Cruijff ArenA,Johan Cruijff ArenA,Johan Cruijff ArenA,Johan Cruijff ArenA,2.0,3.0
Czechia,France,CZE,FRA,1.0,2.0,,,1.0,2.0,France,WIN_REGULAR,2000,2000-06-16,2000-06-16T16:00:00Z,2.0,Group D,1,,,,,,FINISHED,GROUP_STAGE,GROUP_STANDINGS,GROUP,27243.0,63387,BEL,28300.0,51.1933556,3.1806222,105.0,68.0,,Bruges,Jan Breydelstadion,Jan Breydelstadion,Jan Breydelstadion,Jan Breydelstadion,No commercial name,2.0,1.0
France,Denmark,FRA,DEN,3.0,0.0,,,3.0,0.0,France,WIN_REGULAR,2000,2000-06-11,2000-06-11T16:00:00Z,2.0,Group D,1,,,,,,FINISHED,GROUP_STAGE,GROUP_STANDINGS,GROUP,28100.0,63387,BEL,28300.0,51.1933556,3.1806222,105.0,68.0,,Bruges,Jan Breydelstadion,Jan Breydelstadion,Jan Breydelstadion,Jan Breydelstadion,No commercial name,3.0,0.0
Portugal,Greece,POR,GRE,0.0,1.0,,,0.0,1.0,Greece,WIN_REGULAR,2004,2004-07-04,2004-07-04T18:45:00Z,1.0,,19,37.0,DRY,28.0,SUNNY,103.0,FINISHED,SINGLE,FINAL,FINAL,62865.0,85265,POR,64274.0,38.751488,-9.188022,105.0,68.0,,Lisbon,Estádio do SL Benfica,Estádio do SL Benfica,Estádio do SL Benfica,Estádio do SL Benfica,Estádio do SL Benfica,1.0,0.0
Greece,Czechia,GRE,CZE,0.0,0.0,,,1.0,0.0,Greece,WIN_ON_SILVER_GOAL,2004,2004-07-01,2004-07-01T18:45:00Z,1.0,,18,43.0,SOFT,23.0,SUNNY,14.0,FINISHED,SINGLE,SEMIFINAL,KNOCK_OUT,42449.0,85429,POR,50033.0,41.1617944,-8.5836861,105.0,68.0,,Porto,Estádio do Dragão,Estádio do Dragão,Estádio do Dragão,Estádio do Dragão,Estádio do Dragão,0.0,0.0
France,Greece,FRA,GRE,0.0,1.0,,,0.0,1.0,Greece,WIN_REGULAR,2004,2004-06-25,2004-06-25T18:45:00Z,1.0,,14,29.0,DRY,33.0,SUNNY,11.0,FINISHED,SINGLE,QUARTER_FINALS,KNOCK_OUT,45390.0,83168,POR,50061.0,38.76184,-9.164213,105.0,68.0,,Lisbon,Estádio José Alvalade,Estádio José Alvalade,Estádio José Alvalade,Estádio José Alvalade,Estádio José Alvalade,1.0,0.0
Russia,Greece,RUS,GRE,2.0,1.0,,,2.0,1.0,Greece,WIN_REGULAR,2004,2004-06-20,2004-06-20T18:45:00Z,1.0,Group A,9,,,,,,FINISHED,GROUP_STAGE,GROUP_STANDINGS,GROUP,24347.0,83174,POR,21329.0,37.0882972,-7.9747528,105.0,68.0,,Faro-Loulé,Estádio Algarve,Estádio Algarve,Estádio Algarve,Estádio Algarve,Estádio Algarve,1.0,2.0
Greece,Spain,GRE,ESP,1.0,1.0,,,1.0,1.0,Greece,DRAW,2004,2004-06-16,2004-06-16T16:00:00Z,1.0,Group A,5,24.0,DRY,33.0,SUNNY,12.0,FINISHED,GROUP_STAGE,GROUP_STANDINGS,GROUP,25444.0,63244,POR,26324.0,41.1622667,-8.6424694,105.0,68.0,,Porto,Estádio do Bessa XXI,Estádio do Bessa XXI,Estádio do Bessa XXI,Estádio do Bessa XXI,Estádio do Bessa XXI,1.0,1.0
Portugal,Greece,POR,GRE,1.0,2.0,,,1.0,2.0,Greece,WIN_REGULAR,2004,2004-06-12,2004-06-12T16:00:00Z,1.0,Group A,1,78.0,SOFT,24.0,SUNNY,28.0,FINISHED,GROUP_STAGE,GROUP_STANDINGS,GROUP,48761.0,85429,POR,50033.0,41.1617944,-8.5836861,105.0,68.0,,Porto,Estádio do Dragão,Estádio do Dragão,Estádio do Dragão,Estádio do Dragão,Estádio do Dragão,2.0,1.0
Germany,Spain,GER,ESP,0.0,1.0,,,0.0,1.0,Spain,WIN_REGULAR,2008,2008-06-29,2008-06-29T18:45:00Z,2.0,,MD6,44.0,DRY,27.0,SUNNY,7.0,FINISHED,SINGLE,FINAL,FINAL,51428.0,62085,AUT,49898.0,48.2071889,16.4205083,105.0,68.0,,Vienna,Ernst-Happel-Stadion,Ernst-Happel-Stadion,Ernst-Happel-Stadion,Ernst-Happel-Stadion,Ernst-Happel-Stadion,1.0,0.0
Russia,Spain,RUS,ESP,0.0,3.0,,,0.0,3.0,Spain,WIN_REGULAR,2008,2008-06-26,2008-06-26T18:45:00Z,2.0,,MD5,83.0,WET,23.0,CLOUDY,63.0,FINISHED,SINGLE,SEMIFINAL,KNOCK_OUT,51428.0,62085,AUT,49898.0,48.2071889,16.4205083,105.0,68.0,,Vienna,Ernst-Happel-Stadion,Ernst-Happel-Stadion,Ernst-Happel-Stadion,Ernst-Happel-Stadion,Ernst-Happel-Stadion,3.0,0.0
Spain,Italy,ESP,ITA,0.0,0.0,4.0,2.0,0.0,0.0,Spain,WIN_ON_PENALTIES,2008,2008-06-22,2008-06-22T18:45:00Z,2.0,,MD4,46.0,DRY,31.0,SUNNY,53.0,FINISHED,SINGLE,QUARTER_FINALS,KNOCK_OUT,51178.0,62085,AUT,49898.0,48.2071889,16.4205083,105.0,68.0,,Vienna,Ernst-Happel-Stadion,Ernst-Happel-Stadion,Ernst-Happel-Stadion,Ernst-Happel-Stadion,Ernst-Happel-Stadion,0.0,0.0
Greece,Spain,GRE,ESP,1.0,2.0,,,1.0,2.0,Spain,WIN_REGULAR,2008,2008-06-18,2008-06-18T18:45:00Z,2.0,Group D,MD3,49.0,DRY,20.0,PARTLY_CLOUDY,22.0,FINISHED,GROUP_STAGE,GROUP_STANDINGS,GROUP,30883.0,83487,AUT,30071.0,47.8162861,12.9981972,105.0,68.0,,Salzburg,Stadion Salzburg,Stadion Salzburg,Stadion Salzburg,Stadion Salzburg,Red Bull Arena,2.0,1.0
Sweden,Spain,SWE,ESP,1.0,2.0,,,1.0,2.0,Spain,WIN_REGULAR,2008,2008-06-14,2008-06-14T16:00:00Z,2.0,Group D,MD2,34.0,DRY,19.0,CLOUDY,10.0,FINISHED,GROUP_STAGE,GROUP_STANDINGS,GROUP,30772.0,77473,AUT,14932.0,47.2560139,11.4111694,105.0,68.0,,Innsbruck,Tivoli Stadion Tirol,Tivoli Neu,Tivoli Stadion Tirol,Tivoli Stadion Tirol,Tivoli Stadion Tirol,2.0,1.0
Spain,Russia,ESP,RUS,4.0,1.0,,,4.0,1.0,Spain,WIN_REGULAR,2008,2008-06-10,2008-06-10T16:00:00Z,2.0,Group D,MD1,33.0,DRY,28.0,SUNNY,10.0,FINISHED,GROUP_STAGE,GROUP_STANDINGS,GROUP,30772.0,77473,AUT,14932.0,47.2560139,11.4111694,105.0,68.0,,Innsbruck,Tivoli Stadion Tirol,Tivoli Neu,Tivoli Stadion Tirol,Tivoli Stadion Tirol,Tivoli Stadion Tirol,4.0,1.0
Spain,Italy,ESP,ITA,4.0,0.0,,,4.0,0.0,Spain,WIN_REGULAR,2012,2012-07-01,2012-07-01T18:45:00Z,3.0,,MD6,42.0,DRY,26.0,CLEAR_NIGHT,8.0,FINISHED,SINGLE,FINAL,FINAL,63170.0,250001449,UKR,68000.0,50.433439,30.522114,105.0,68.0,,Kyiv,NSC Olimpiyskiy,NSC Olimpiyskiy,NSC Olimpiyskiy,NSC Olimpiyskiy,NSC Olimpiyskiy,4.0,0.0
Portugal,Spain,POR,ESP,0.0,0.0,2.0,4.0,0.0,0.0,Spain,WIN_ON_PENALTIES,2012,2012-06-27,2012-06-27T18:45:00Z,3.0,,MD5,,,,,,FINISHED,SINGLE,SEMIFINAL,KNOCK_OUT,48000.0,250000431,UKR,52667.0,47.9947056,37.7857889,105.0,68.0,,Donetsk,Donbass Arena,Donbass Arena,Donbass Arena,Donbas Arena,Donbass Arena,0.0,0.0
Spain,France,ESP,FRA,2.0,0.0,,,2.0,0.0,Spain,WIN_REGULAR,2012,2012-06-23,2012-06-23T18:45:00Z,3.0,,MD4,47.0,DRY,24.0,PARTLY_CLOUDY_NIGHT,9.0,FINISHED,SINGLE,QUARTER_FINALS,KNOCK_OUT,47000.0,250000431,UKR,52667.0,47.9947056,37.7857889,105.0,68.0,,Donetsk,Donbass Arena,Donbass Arena,Donbass Arena,Donbas Arena,Donbass Arena,2.0,0.0
Croatia,Spain,CRO,ESP,0.0,1.0,,,0.0,1.0,Spain,WIN_REGULAR,2012,2012-06-18,2012-06-18T18:45:00Z,2.0,Group C,MD3,57.0,,24.0,SUNNY,16.0,FINISHED,GROUP_STAGE,GROUP_STANDINGS,GROUP,39076.0,250001177,POL,41524.0,54.39,18.640278,105.0,68.0,,Gdansk,Gdansk Stadium,Stadion Energa Gdansk,Gdansk Stadium,Gdansk Stadium,STADION ENERGA GDANSK,1.0,0.0
Spain,Republic of Ireland,ESP,IRL,4.0,0.0,,,4.0,0.0,Spain,WIN_REGULAR,2012,2012-06-14,2012-06-14T18:45:00Z,2.0,Group C,MD2,64.0,WET,11.0,RAIN,12.0,FINISHED,GROUP_STAGE,GROUP_STANDINGS,GROUP,39150.0,250001177,POL,41524.0,54.39,18.640278,105.0,68.0,,Gdansk,Gdansk Stadium,Stadion Energa Gdansk,Gdansk Stadium,Gdansk Stadium,STADION ENERGA GDANSK,4.0,0.0
Spain,Italy,ESP,ITA,1.0,1.0,,,1.0,1.0,Spain,DRAW,2012,2012-06-10,2012-06-10T16:00:00Z,2.0,Group C,MD1,50.0,SOFT,18.0,PARTLY_CLOUDY,8.0,FINISHED,GROUP_STAGE,GROUP_STANDINGS,GROUP,38869.0,250001177,POL,41524.0,54.39,18.640278,105.0,68.0,,Gdansk,Gdansk Stadium,Stadion Energa Gdansk,Gdansk Stadium,Gdansk Stadium,STADION ENERGA GDANSK,1.0,1.0
Portugal,France,POR,FRA,0.0,0.0,,,1.0,0.0,Portugal,WIN_ON_EXTRA_TIME,2016,2016-07-10,2016-07-10T19:00:00Z,2.0,,MD7,38.0,SOFT,28.0,PARTLY_CLOUDY_NIGHT,22.0,FINISHED,SINGLE,FINAL,FINAL,75868.0,70584,FRA,81286.0,48.9245472,2.3600667,105.0,68.0,,Saint-Denis,Stade de France,Stade de France,Stade de France,Stade de France,Stade de France,0.0,0.0
Portugal,Wales,POR,WAL,2.0,0.0,,,2.0,0.0,Portugal,WIN_REGULAR,2016,2016-07-06,2016-07-06T19:00:00Z,2.0,,MD6,42.0,SOFT,23.0,CLEAR_NIGHT,19.0,FINISHED,SINGLE,SEMIFINAL,KNOCK_OUT,55679.0,250002940,FRA,58921.0,45.765,4.982,105.0,68.0,,Lyon,OL Stadium,Groupama Stadium,OL Stadium,OL Stadium,Groupama Stadium,2.0,0.0
Poland,Portugal,POL,POR,1.0,1.0,3.0,5.0,1.0,1.0,Portugal,WIN_ON_PENALTIES,2016,2016-06-30,2016-06-30T19:00:00Z,2.0,,MD5,60.0,SOFT,24.0,CLEAR_NIGHT,10.0,FINISHED,SINGLE,QUARTER_FINALS,KNOCK_OUT,62940.0,62337,FRA,66534.0,43.26983,5.396,105.0,68.0,,Marseille,Stade de Marseille,Stade de Marseille,Stade de Marseille,Stade de Marseille,Orange Vélodrome,1.0,1.0
Croatia,Portugal,CRO,POR,0.0,0.0,,,0.0,1.0,Portugal,WIN_ON_EXTRA_TIME,2016,2016-06-25,2016-06-25T19:00:00Z,2.0,,MD4,75.0,DRY,16.0,PARTLY_CLOUDY_NIGHT,15.0,FINISHED,SINGLE,ROUND_OF_16,KNOCK_OUT,33523.0,63207,FRA,38223.0,50.4328336,2.815,105.0,68.0,,Lens Agglo,Stade Bollaert-Delelis,Stade Bollaert-Delelis,Stade Bollaert-Delelis,Stade Bollaert-Delelis,none,0.0,0.0
Hungary,Portugal,HUN,POR,3.0,3.0,,,3.0,3.0,Portugal,DRAW,2016,2016-06-22,2016-06-22T16:00:00Z,2.0,Group F,MD3,44.0,SOFT,32.0,SUNNY,9.0,FINISHED,GROUP_STAGE,GROUP_STANDINGS,GROUP,55514.0,250002940,FRA,58921.0,45.765,4.982,105.0,68.0,,Lyon,OL Stadium,Groupama Stadium,OL Stadium,OL Stadium,Groupama Stadium,3.0,3.0
Portugal,Austria,POR,AUT,0.0,0.0,,,0.0,0.0,Portugal,DRAW,2016,2016-06-18,2016-06-18T19:00:00Z,2.0,Group F,MD2,62.0,SOFT,17.0,PARTLY_CLOUDY_NIGHT,12.0,FINISHED,GROUP_STAGE,GROUP_STANDINGS,GROUP,44291.0,57779,FRA,47926.0,48.8414333,2.2530333,105.0,68.0,,Paris,Parc des Princes,Parc des Princes,Parc des Princes,Parc des Princes,Parc des Princes,0.0,0.0
Portugal,Iceland,POR,ISL,1.0,1.0,,,1.0,1.0,Portugal,DRAW,2016,2016-06-14,2016-06-14T19:00:00Z,2.0,Group F,MD1,62.0,SOFT,16.0,PARTLY_CLOUDY,8.0,FINISHED,GROUP_STAGE,GROUP_STANDINGS,GROUP,38742.0,63194,FRA,42000.0,45.4608556,4.390125,105.0,68.0,,Saint-Etienne,Stade Geoffroy Guichard,Stade Geoffroy Guichard,Stade Geoffroy Guichard,Stade Geoffroy Guichard,Stade Geoffroy Guichard,1.0,1.0
Italy,England,ITA,ENG,1.0,1.0,3.0,2.0,1.0,1.0,Italy,WIN_ON_PENALTIES,2020,2021-07-11,2021-07-11T19:00:00Z,1.0,,MD7,68.0,SOFT,19.0,CLOUDY,13.0,FINISHED,SINGLE,FINAL,FINAL,67173.0,1100043,ENG,87360.0,51.5558417,-0.2795972,105.0,68.0,,London,Wembley Stadium,Wembley Stadium,Wembley Stadium,Wembley Stadium,Wembley Stadium,1.0,1.0
Italy,Spain,ITA,ESP,1.0,1.0,4.0,2.0,1.0,1.0,Italy,WIN_ON_PENALTIES,2020,2021-07-06,2021-07-06T19:00:00Z,1.0,,MD6,73.0,SOFT,15.0,CLOUDY,17.0,FINISHED,SINGLE,SEMIFINAL,KNOCK_OUT,57811.0,1100043,ENG,87360.0,51.5558417,-0.2795972,105.0,68.0,,London,Wembley Stadium,Wembley Stadium,Wembley Stadium,Wembley Stadium,Wembley Stadium,1.0,1.0
Belgium,Italy,BEL,ITA,1.0,2.0,,,1.0,2.0,Italy,WIN_REGULAR,2020,2021-07-02,2021-07-02T19:00:00Z,2.0,,MD5,58.0,SOFT,17.0,SUNNY,10.0,FINISHED,SINGLE,QUARTER_FINALS,KNOCK_OUT,12984.0,85441,GER,75000.0,48.2187944,11.6247306,105.0,68.0,,Munich,Munich Football Arena,Football Arena Munich,Fußball Arena München,Munich Football Arena,Allianz Arena,2.0,1.0
Italy,Austria,ITA,AUT,0.0,0.0,,,2.0,1.0,Italy,WIN_ON_EXTRA_TIME,2020,2021-06-26,2021-06-26T19:00:00Z,1.0,,MD4,60.0,SOFT,20.0,PARTLY_CLOUDY,12.0,FINISHED,SINGLE,ROUND_OF_16,KNOCK_OUT,18910.0,1100043,ENG,87360.0,51.5558417,-0.2795972,105.0,68.0,,London,Wembley Stadium,Wembley Stadium,Wembley Stadium,Wembley Stadium,Wembley Stadium,0.0,0.0
Italy,Wales,ITA,WAL,1.0,0.0,,,1.0,0.0,Italy,WIN_REGULAR,2020,2021-06-20,2021-06-20T16:00:00Z,2.0,Group A,MD3,36.0,EXCELLENT,29.0,PARTLY_CLOUDY,10.0,FINISHED,GROUP_STAGE,GROUP_STANDINGS,GROUP,11541.0,57775,ITA,69689.0,41.9339222,12.4546833,105.0,68.0,"[{'phase': 'SECOND_HALF', 'time': {'minute': 55, 'second': 57}, 'international_name': 'Ethan Ampadu', 'club_shirt_name': 'Ampadu', 'country_code': 'WAL', 'national_field_position': 'DEFENDER', 'national_jersey_number': '15'}]",Rome,Olimpico in Rome,Stadio Olimpico,Stadio Olimpico,Olimpico in Rome,Stadio Olimpico,1.0,0.0
Italy,Switzerland,ITA,SUI,3.0,0.0,,,3.0,0.0,Italy,WIN_REGULAR,2020,2021-06-16,2021-06-16T19:00:00Z,2.0,Group A,MD2,69.0,EXCELLENT,25.0,CLOUDY,7.0,FINISHED,GROUP_STAGE,GROUP_STANDINGS,GROUP,12445.0,57775,ITA,69689.0,41.9339222,12.4546833,105.0,68.0,,Rome,Olimpico in Rome,Stadio Olimpico,Stadio Olimpico,Olimpico in Rome,Stadio Olimpico,3.0,0.0
Türki̇ye,Italy,TUR,ITA,0.0,3.0,,,0.0,3.0,Italy,WIN_REGULAR,2020,2021-06-11,2021-06-11T19:00:00Z,2.0,Group A,MD1,63.0,EXCELLENT,24.0,CLOUDY,9.0,FINISHED,GROUP_STAGE,GROUP_STANDINGS,GROUP,12916.0,57775,ITA,69689.0,41.9339222,12.4546833,105.0,68.0,,Rome,Olimpico in Rome,Stadio Olimpico,Stadio Olimpico,Olimpico in Rome,Stadio Olimpico,3.0,0.0
